contact_id,company_id,first_name,last_name,email,job_title,lead_source,created_date
201,1,Anna,Devries,anna.devries@innovatesolutions.com,CTO,Webinar,2023-01-20
202,1,Ben,Jansen,ben.jansen@innovatesolutions.com,IT Manager,Organic Search,2023-02-10
203,2,Klaus,Schmidt,klaus.schmidt@quantummanufacturing.de,Operations Director,Trade Show,2023-02-25
204,3,Jennifer,Miller,j.miller@apexretail.com,Marketing Director,Referral,2023-03-12
205,4,David,Chen,david.chen@nexushealth.com,Procurement Head,Cold Call,2023-04-06
206,5,Emily,Jones,emily.j@starlightmedia.co.uk,Creative Director,Webinar,2023-05-22
207,6,Lucas,Van Dijk,lucas.vandijk@datadriven.nl,Data Science Lead,Organic Search,2023-06-15
208,6,Sophie,Bakker,sophie.b@datadriven.nl,CEO,Referral,2023-08-01
209,7,Pierre,Martin,p.martin@greenleaf.fr,Farm Manager,Trade Show,2023-07-21
210,8,Heike,Schneider,h.schneider@logicore.de,Logistics Coordinator,Webinar,2023-08-05
211,9,Tom,Willems,tom.w@buildright.nl,Project Manager,Referral,2023-09-28
212,10,Isabelle,Dubois,isabelle.d@synergy.be,Senior Consultant,Organic Search,2023-11-02
213,12,Michael,Brown,m.brown@vertexfinancials.com,CFO,Trade Show,2024-01-25
214,13,Frank,Weber,frank.weber@momentummotors.de,Supply Chain Manager,Cold Call,2024-02-20
215,15,Eva,Meer,eva.meer@infinitearts.nl,Gallery Director,Webinar,2024-04-05
216,16,Robert,King,r.king@solaris.com,Chief Engineer,Referral,2023-02-01
217,17,Gunther,Bauer,g.bauer@aquapure.de,Head of Compliance,Trade Show,2023-03-01
218,18,Charlotte,Smith,c.smith@terrafirm.co.uk,Senior Partner,Organic Search,2023-03-20
219,19,Jean,Moreau,j.moreau@gastronomy.fr,Head Chef,Webinar,2023-05-01
220,20,Susan,Wright,s.wright@aerodynamics.com,VP of R&D,Cold Call,2023-05-18
221,21,Lars,Pieters,lars.p@mindcraft.nl,Lead Designer,Referral,2023-06-25
222,22,Wolfgang,Adler,w.adler@biogen.de,Chief Scientist,Trade Show,2023-07-15
223,23,Amelie,Roux,a.roux@trendsetters.fr,Brand Manager,Webinar,2023-08-12
224,24,Chris,Davis,chris.d@securenet.com,Security Analyst,Organic Search,2023-09-10
225,25,Olivia,Taylor,o.taylor@compasstravel.co.uk,Bookings Manager,Referral,2023-10-22
226,26,Marc,Peeters,marc.p@evergreen.be,Sustainability Officer,Trade Show,2023-12-01
227,27,Jessica,Lee,jessica.l@quantumleap.ai,AI Researcher,Webinar,2024-01-10
228,28,Fleur,Jacobs,fleur.j@petalandstem.nl,Owner,Organic Search,2024-02-18
229,29,Dieter,Hoffman,d.hoffman@precisionrobotics.de,Lead Engineer,Cold Call,2024-03-25
230,30,Arthur,Wilson,a.wilson@legaleagle.co.uk,Paralegal,Referral,2024-04-15
231,31,Megan,Harris,megan.h@brightspark.com,Account Executive,Webinar,2023-02-05
232,32,Helmut,Koch,h.koch@ironclad.de,Mine Foreman,Trade Show,2023-03-01
233,33,Henry,Scott,h.scott@papertrail.co.uk,Editor,Organic Search,2023-03-25
234,34,Sanne,De Wit,sanne.dw@oceanic.nl,Fleet Manager,Referral,2023-04-20
235,35,John,Baker,j.baker@vanguard.com,Contracts Manager,Cold Call,2023-06-02
236,36,Louis,Bernard,l.bernard@zenith.fr,Lead Architect,Webinar,2023-06-24
237,37,Maximilian,Fischer,m.fischer@soundwave.de,Audio Engineer,Trade Show,2023-08-01
238,38,Daniel,White,d.white@urbanedge.com,Development Manager,Organic Search,2023-08-20
239,39,Victoria,Green,v.green@silverscreen.co.uk,CEO,Referral,2023-09-15
240,40,Brian,Adams,b.adams@firstbridge.com,Analyst,Webinar,2023-10-10
241,41,Daan,Visser,daan.v@netweavers.nl,Network Operations,Organic Search,2023-11-15
242,42,Marie,Lambert,marie.l@heritage.be,Branch Manager,Trade Show,2024-01-18
243,43,Jonas,Meyer,j.meyer@fasttrack.de,Dispatch Supervisor,Referral,2024-02-12
244,44,Kevin,Clark,k.clark@cloudnine.com,SysAdmin,Cold Call,2024-03-18
245,45,Chloe,Durand,c.durand@pharmasafe.fr,Logistics Director,Webinar,2024-04-28
246,46,James,Walker,j.walker@cognitive.co.uk,Curriculum Developer,Organic Search,2023-02-12
247,47,Stefan,Zimmermann,s.zimmermann@titan.de,Sales Director,Trade Show,2023-03-30
248,48,Laura,Hall,laura.h@daily.com,Journalist,Referral,2023-04-25
249,49,Edward,King,e.king@alpha.co.uk,Portfolio Manager,Webinar,2023-05-15
250,50,Sarah,Lewis,s.lewis@connectsphere.com,Community Manager,Organic Search,2023-06-10
251,51,Antoine,Girard,a.girard@fusion.fr,Plant Manager,Trade Show,2023-07-08
252,52,Niels,Hendriks,niels.h@ecobuild.nl,R&D Specialist,Referral,2023-08-25
253,53,Katrin,Becker,k.becker@diagnostics.de,Lab Technician,Webinar,2023-09-22
254,54,Luc,Maes,luc.m@gourmetpantry.be,Purchasing Manager,Organic Search,2023-10-18
255,55,Alex,Rodriguez,a.rodriguez@stellar.com,Propulsion Engineer,Cold Call,2023-11-10
256,56,Joep,Schmitz,j.schmitz@insight.nl,BI Consultant,Webinar,2024-01-12
257,57,Rachel,Young,r.young@momentumfit.com,Personal Trainer,Referral,2024-03-01
258,58,Elise,Fontaine,e.fontaine@aquamarine.fr,Marine Biologist,Trade Show,2024-03-22
259,59,Andreas,Schulz,a.schulz@printperfect.de,Press Operator,Organic Search,2024-04-15
260,60,David,Thompson,d.thompson@regalhotels.co.uk,General Manager,Referral,2023-02-18
261,61,Sabine,Kraus,s.kraus@catalyst.de,Chemical Engineer,Trade Show,2023-03-15
262,62,Paul,Allen,p.allen@virtulearn.com,Platform Architect,Webinar,2023-04-28
263,63,Rik,Smets,rik.s@terracycle.nl,Operations Manager,Organic Search,2023-05-25
264,64,Julien,Leroy,j.leroy@chronowatch.be,Master Watchmaker,Referral,2023-07-02
265,65,Brenda,Garcia,b.garcia@biosphere.com,Geneticist,Cold Call,2023-07-20
266,66,Markus,Vogel,m.vogel@protune.de,Master Technician,Webinar,2023-09-02
267,67,Eleanor,Scott,e.scott@homefront.co.uk,Underwriter,Trade Show,2023-09-28
268,68,Vincent,Leclerc,v.leclerc@leisurecraft.fr,Naval Architect,Organic Search,2023-11-01
269,69,Tess,Kuipers,tess.k@pixelpoint.nl,UX Designer,Referral,2023-11-25
270,70,Steven,Martinez,s.martinez@unity.com,Associate Attorney,Webinar,2024-01-20
271,71,Anja,Richter,a.richter@nova.de,Project Engineer,Trade Show,2024-02-18
272,72,Ryan,Gonzalez,r.gonzalez@foresight.ai,Machine Learning Eng,Organic Search,2024-04-02
273,73,Isabelle,Petit,i.petit@vineyard.fr,Vintner,Referral,2024-04-20
274,74,George,Clarke,g.clarke@stonebridge.co.uk,Fund Manager,Webinar,2023-02-22
275,75,Milan,Bos,milan.b@byteburst.nl,Game Developer,Organic Search,2023-03-10
276,76,Franz,Baumann,f.baumann@heliotronics.de,Solar Installer,Trade Show,2023-04-08
277,77,Chris,Anderson,c.anderson@summit.com,Product Manager,Referral,2023-05-18
278,78,Frederik,Claes,f.claes@maritime.be,Port Captain,Webinar,2023-06-15
279,79,Linda,Wilson,l.wilson@medsupplies.com,Sales Representative,Cold Call,2023-07-25
280,80,Manon,Lefevre,m.lefevre@artisan.fr,Pastry Chef,Organic Search,2023-08-20
281,81,Bram,Van Der Berg,bram.vdb@cyberguardian.nl,Penetration Tester,Referral,2023-09-14
282,82,Tom,Johnson,t.johnson@atlantic.com,Chief Pilot,Trade Show,2023-10-10
283,83,Stijn,Vermeulen,stijn.v@precisionag.nl,Agronomist,Webinar,2023-12-05
284,84,Michelle,Carter,m.carter@genielogix.com,Software Engineer,Organic Search,2024-02-02
285,85,Erik,Wagner,e.wagner@med-response.de,Paramedic Lead,Referral,2024-02-28
286,86,Jack,Taylor,j.taylor@dynamicdrones.com,UAV Operator,Cold Call,2024-03-12
287,87,Alice,Campbell,a.campbell@londonbrew.co.uk,Brewmaster,Webinar,2024-04-08
288,88,Didier,Goris,d.goris@continental.be,Weaver,Trade Show,2023-03-05
289,89,Kevin,Roberts,k.roberts@visionaryvr.com,VR Developer,Organic Search,2023-05-01
290,90,Femke,De Boer,femke.db@northsea.nl,Geologist,Referral,2023-06-20
291,91,Juliette,Rousseau,j.rousseau@parisian.fr,Perfumer,Webinar,2023-08-10
292,92,Leon,Huber,l.huber@alpine.de,Tour Guide,Trade Show,2023-10-05
293,93,Alain,Servaes,a.servaes@masterpiece.be,Carpenter,Organic Search,2023-12-01
294,94,Mark,Thompson,m.thompson@quantumchip.com,Fabrication Engineer,Referral,2024-01-25
295,95,Iris,Van Loon,iris.vl@greenplanet.nl,Nutritionist,Webinar,2024-03-18
296,96,Hans,Keller,h.keller@rhinecruises.de,Captain,Trade Show,2024-05-05
297,97,Richard,Baker,r.baker@britannialegal.co.uk,Senior Partner,Referral,2023-05-10
298,98,Walter,White,w.white@statesidelogistics.com,Fleet Manager,Cold Call,2023-07-15
299,99,Ann,Lemmens,a.lemmens@eurogrow.be,Cultivation Expert,Webinar,2023-10-28
300,100,Jesse,Pinkman,j.pinkman@amsterdamtech.nl,Community Manager,Organic Search,2024-05-20